﻿{
	"A Mother's Parting Gift": {
		"ID": "132"
	},
	"Abandoned Wealth": {
		"ID": "133"
	},
	"Abyss": {
		"ID": "315"
	},
	"Academy": {
		"ID": "316"
	},
	"Acid Lakes": {
		"ID": "317"
	},
	"Alleyways": {
		"ID": "522"
	},
	"Ambush": {
		"ID": "495"
	},
	"Anarchy": {
		"ID": "496"
	},
	"Anarchy's Price": {
		"ID": "134"
	},
	"Ancient City": {
		"ID": "523"
	},
	"Ancient Orb": {
		"ID": "518"
	},
	"Ancient Reliquary Key": {
		"ID": "494"
	},
	"Annulment Shard": {
		"ID": "519"
	},
	"Apprentice Cartographer's Sextant": {
		"Abridged": "apprentice sextant",
		"ID": "45"
	},
	"apprentice sextant": "Apprentice Cartographer's Sextant",
	"Arachnid Nest": {
		"ID": "318"
	},
	"Arachnid Tomb": {
		"ID": "319"
	},
	"Arcade": {
		"ID": "320"
	},
	"Arena": {
		"ID": "321"
	},
	"Arid Lake": {
		"ID": "322"
	},
	"Armourer's Scrap": {
		"Abridged": "armourer's",
		"ID": "19"
	},
	"armourer's": "Armourer's Scrap",
	"Armoury": {
		"ID": "323"
	},
	"Arsenal": {
		"ID": "324"
	},
	"Ashen Wood": {
		"ID": "325"
	},
	"Assassin's Favour": {
		"ID": "135"
	},
	"Atoll": {
		"ID": "326"
	},
	"Atziri's Arsenal": {
		"ID": "136"
	},
	"Audacity": {
		"ID": "137"
	},
	"Barrows": {
		"ID": "327"
	},
	"Basilica": {
		"ID": "524"
	},
	"Bazaar": {
		"ID": "328"
	},
	"Beach": {
		"ID": "329"
	},
	"Beacon": {
		"ID": "330"
	},
	"Belfry": {
		"ID": "525"
	},
	"Bestiary Orb": {
		"ID": "630"
	},
	"Beyond": {
		"ID": "497"
	},
	"Birth of the Three": {
		"ID": "138"
	},
	"Blacksmith's Whetstone": {
		"Abridged": "whetstone",
		"ID": "20"
	},
	"whetstone": "Blacksmith's Whetstone",
	"Blessed Orb": {
		"Abridged": "blessed",
		"ID": "12"
	},
	"blessed": "Blessed Orb",
	"Blessing of Chayula": {
		"ID": "61"
	},
	"Blessing of Esh": {
		"ID": "59"
	},
	"Blessing of God": {
		"ID": "628"
	},
	"Blessing of Tul": {
		"ID": "58"
	},
	"Blessing of Uul-Netol": {
		"ID": "60"
	},
	"Blessing of Xoph": {
		"ID": "57"
	},
	"Blind Venture": {
		"ID": "139"
	},
	"Bloodlines": {
		"ID": "498"
	},
	"Bog": {
		"ID": "331"
	},
	"Bone Crypt": {
		"ID": "526"
	},
	"Boundless Realms": {
		"ID": "140"
	},
	"Bowyer's Dream": {
		"ID": "141"
	},
	"Breach": {
		"ID": "499"
	},
	"Burial Chambers": {
		"ID": "332"
	},
	"Cage": {
		"ID": "527"
	},
	"Caldera": {
		"ID": "528"
	},
	"Call to the First Ones": {
		"ID": "142"
	},
	"Canyon": {
		"ID": "333"
	},
	"Carcass": {
		"ID": "529"
	},
	"Cartographer's Chisel": {
		"Abridged": "chisel",
		"ID": "10"
	},
	"chisel": "Cartographer's Chisel",
	"Cartographer's Delight": {
		"ID": "143"
	},
	"Castle Ruins": {
		"ID": "334"
	},
	"Catacombs": {
		"ID": "335"
	},
	"Cavern": {
		"ID": "336"
	},
	"Cells": {
		"ID": "337"
	},
	"Cemetery": {
		"ID": "338"
	},
	"Channel": {
		"ID": "339"
	},
	"Chaos Orb": {
		"Abridged": "chaos",
		"ID": "4"
	},
	"chaos": "Chaos Orb",
	"Chaotic Disposition": {
		"ID": "144"
	},
	"Chateau": {
		"ID": "340"
	},
	"Chayula's Breachstone": {
		"ID": "66"
	},
	"Chromatic Orb": {
		"Abridged": "chrome",
		"ID": "7"
	},
	"chrome": "Chromatic Orb",
	"City Square": {
		"ID": "530"
	},
	"Colonnade": {
		"ID": "341"
	},
	"Colosseum": {
		"ID": "342"
	},
	"Conservatory": {
		"ID": "531"
	},
	"Coral Ruins": {
		"ID": "532"
	},
	"Core": {
		"ID": "343"
	},
	"Courthouse": {
		"ID": "533"
	},
	"Courtyard": {
		"ID": "344"
	},
	"Coves": {
		"ID": "345"
	},
	"Coveted Possession": {
		"ID": "145"
	},
	"Crematorium": {
		"ID": "346"
	},
	"Crimson Temple": {
		"ID": "534"
	},
	"Crypt": {
		"ID": "347"
	},
	"Crystal Ore": {
		"ID": "348"
	},
	"Cursed Crypt": {
		"ID": "535"
	},
	"Dark Forest": {
		"ID": "349"
	},
	"Deafening Essence of Anger": {
		"ID": "69"
	},
	"Deafening Essence of Anguish": {
		"ID": "72"
	},
	"Deafening Essence of Contempt": {
		"ID": "75"
	},
	"Deafening Essence of Doubt": {
		"ID": "79"
	},
	"Deafening Essence of Dread": {
		"ID": "82"
	},
	"Deafening Essence of Envy": {
		"ID": "85"
	},
	"Deafening Essence of Fear": {
		"ID": "88"
	},
	"Deafening Essence of Greed": {
		"ID": "91"
	},
	"Deafening Essence of Hatred": {
		"ID": "94"
	},
	"Deafening Essence of Loathing": {
		"ID": "100"
	},
	"Deafening Essence of Misery": {
		"ID": "103"
	},
	"Deafening Essence of Rage": {
		"ID": "106"
	},
	"Deafening Essence of Scorn": {
		"ID": "109"
	},
	"Deafening Essence of Sorrow": {
		"ID": "112"
	},
	"Deafening Essence of Spite": {
		"ID": "115"
	},
	"Deafening Essence of Suffering": {
		"ID": "118"
	},
	"Deafening Essence of Torment": {
		"ID": "121"
	},
	"Deafening Essence of Woe": {
		"ID": "124"
	},
	"Deafening Essence of Wrath": {
		"ID": "127"
	},
	"Deafening Essence of Zeal": {
		"ID": "130"
	},
	"Death": {
		"ID": "146"
	},
	"Defiled Cathedral": {
		"ID": "536"
	},
	"Desert": {
		"ID": "350"
	},
	"Desert Spring": {
		"ID": "537"
	},
	"Destined to Crumble": {
		"ID": "147"
	},
	"Dialla's Subjugation": {
		"ID": "148"
	},
	"Dig": {
		"ID": "538"
	},
	"Divine Orb": {
		"Abridged": "divine",
		"ID": "15"
	},
	"divine": "Divine Orb",
	"Divine Vessel": {
		"ID": "512"
	},
	"Doedre's Madness": {
		"ID": "149"
	},
	"Domination": {
		"ID": "500"
	},
	"Dunes": {
		"ID": "351"
	},
	"Dungeon": {
		"ID": "352"
	},
	"Dying Anguish": {
		"ID": "150"
	},
	"Earth Drinker": {
		"ID": "151"
	},
	"Eber's Key": {
		"Abridged": "eber's",
		"ID": "36"
	},
	"eber's": "Eber's Key",
	"Emperor of Purity": {
		"ID": "152"
	},
	"Emperor's Luck": {
		"ID": "153"
	},
	"Engineer's Orb": {
		"ID": "517"
	},
	"Esh's Breachstone": {
		"ID": "64"
	},
	"Essence": {
		"ID": "501"
	},
	"Essence of Delirium": {
		"ID": "76"
	},
	"Essence of Horror": {
		"ID": "95"
	},
	"Essence of Hysteria": {
		"ID": "96"
	},
	"Essence of Insanity": {
		"ID": "97"
	},
	"Estuary": {
		"ID": "353"
	},
	"Eternal Orb": {
		"Abridged": "eternal",
		"ID": "25"
	},
	"eternal": "Eternal Orb",
	"Exalted Orb": {
		"Abridged": "exalted",
		"ID": "6"
	},
	"exalted": "Exalted Orb",
	"Exalted Shard": {
		"ID": "521"
	},
	"Excavation": {
		"ID": "354"
	},
	"Factory": {
		"ID": "355"
	},
	"Fields": {
		"ID": "539"
	},
	"Flooded Mine": {
		"ID": "540"
	},
	"Forbidden Power": {
		"ID": "623"
	},
	"Forge of the Phoenix": {
		"ID": "356"
	},
	"Fragment of the Chimera": {
		"Abridged": "chimera",
		"ID": "44"
	},
	"chimera": "Fragment of the Chimera",
	"Fragment of the Hydra": {
		"Abridged": "hydra",
		"ID": "41"
	},
	"hydra": "Fragment of the Hydra",
	"Fragment of the Minotaur": {
		"Abridged": "minotaur",
		"ID": "43"
	},
	"minotaur": "Fragment of the Minotaur",
	"Fragment of the Phoenix": {
		"Abridged": "phoenix",
		"ID": "42"
	},
	"phoenix": "Fragment of the Phoenix",
	"Gardens": {
		"ID": "541"
	},
	"Gemcutter's Prism": {
		"Abridged": "gcp",
		"ID": "5"
	},
	"gcp": "Gemcutter's Prism",
	"Gemcutter's Promise": {
		"ID": "154"
	},
	"Geode": {
		"ID": "542"
	},
	"Ghetto": {
		"ID": "357"
	},
	"Gift of the Gemling Queen": {
		"ID": "155"
	},
	"Glassblower's Bauble": {
		"Abridged": "bauble",
		"ID": "21"
	},
	"bauble": "Glassblower's Bauble",
	"Glimmer of Hope": {
		"ID": "156"
	},
	"Gorge": {
		"ID": "358"
	},
	"Grave Knowledge": {
		"ID": "157"
	},
	"Graveyard": {
		"ID": "359"
	},
	"Grotto": {
		"ID": "360"
	},
	"Harbinger": {
		"ID": "543"
	},
	"Harbinger's Orb": {
		"ID": "516"
	},
	"Harbinger's Shard": {
		"ID": "643"
	},
	"Harmony of Souls": {
		"ID": "653"
	},
	"Haunted Mansion": {
		"ID": "544"
	},
	"Her Mask": {
		"ID": "158"
	},
	"Heterochromia": {
		"ID": "159"
	},
	"High Gardens": {
		"ID": "361"
	},
	"Hope": {
		"ID": "160"
	},
	"House of Mirrors": {
		"ID": "161"
	},
	"Hubris": {
		"ID": "162"
	},
	"Humility": {
		"ID": "163"
	},
	"Hunter's Resolve": {
		"ID": "164"
	},
	"Hunter's Reward": {
		"ID": "165"
	},
	"Iceberg": {
		"ID": "545"
	},
	"Immortal Resolve": {
		"ID": "654"
	},
	"Infested Valley": {
		"ID": "546"
	},
	"Invasion": {
		"ID": "502"
	},
	"Inya's Key": {
		"Abridged": "inya's",
		"ID": "38"
	},
	"inya's": "Inya's Key",
	"Ivory Temple": {
		"ID": "362"
	},
	"Jack in the Box": {
		"ID": "166"
	},
	"Jeweller's Orb": {
		"Abridged": "jeweller's",
		"ID": "8"
	},
	"jeweller's": "Jeweller's Orb",
	"Journeyman Cartographer's Sextant": {
		"Abridged": "journeyman sextant",
		"ID": "46"
	},
	"journeyman sextant": "Journeyman Cartographer's Sextant",
	"Jungle Valley": {
		"ID": "363"
	},
	"Laboratory": {
		"ID": "547"
	},
	"Lair": {
		"ID": "364"
	},
	"Lair of the Hydra": {
		"ID": "365"
	},
	"Lantador's Lost Love": {
		"ID": "167"
	},
	"Last Hope": {
		"ID": "168"
	},
	"Lava Chamber": {
		"ID": "548"
	},
	"Lava Lake": {
		"ID": "549"
	},
	"Left to Fate": {
		"ID": "570"
	},
	"Leyline": {
		"ID": "550"
	},
	"Light and Truth": {
		"ID": "169"
	},
	"Lighthouse": {
		"ID": "551"
	},
	"Lingering Remnants": {
		"ID": "170"
	},
	"Lookout": {
		"ID": "552"
	},
	"Lost Worlds": {
		"ID": "171"
	},
	"Loyalty": {
		"ID": "172"
	},
	"Lucky Connections": {
		"ID": "173"
	},
	"Lucky Deck": {
		"ID": "174"
	},
	"Lysah's Respite": {
		"ID": "175"
	},
	"Malformation": {
		"ID": "366"
	},
	"Marshes": {
		"ID": "367"
	},
	"Master Cartographer's Sextant": {
		"Abridged": "master sextant",
		"ID": "47"
	},
	"master sextant": "Master Cartographer's Sextant",
	"Mausoleum": {
		"ID": "553"
	},
	"Mawr Blaidd": {
		"ID": "176"
	},
	"Maze": {
		"ID": "368"
	},
	"Maze of the Minotaur": {
		"ID": "369"
	},
	"Merciless Armament": {
		"ID": "177"
	},
	"Mesa": {
		"ID": "370"
	},
	"Might is Right": {
		"ID": "178"
	},
	"Mineral Pools": {
		"ID": "371"
	},
	"Mirror of Kalandra": {
		"Abridged": "mirror",
		"ID": "24"
	},
	"mirror": "Mirror of Kalandra",
	"Mirror Shard": {
		"ID": "520"
	},
	"Mitts": {
		"ID": "179"
	},
	"Moon Temple": {
		"ID": "554"
	},
	"Mortal Grief": {
		"Abridged": "grief",
		"ID": "31"
	},
	"grief": "Mortal Grief",
	"Mortal Hope": {
		"Abridged": "hope",
		"ID": "33"
	},
	"hope": "Mortal Hope",
	"Mortal Ignorance": {
		"Abridged": "ignorance",
		"ID": "34"
	},
	"ignorance": "Mortal Ignorance",
	"Mortal Rage": {
		"Abridged": "rage",
		"ID": "32"
	},
	"rage": "Mortal Rage",
	"Mortal set": {
		"ID": "49"
	},
	"Mud Geyser": {
		"ID": "372"
	},
	"Museum": {
		"ID": "373"
	},
	"Necromancy Net": {
		"ID": "642"
	},
	"Necropolis": {
		"ID": "374"
	},
	"Nemesis": {
		"ID": "503"
	},
	"No Traces": {
		"ID": "566"
	},
	"Oasis": {
		"ID": "375"
	},
	"Offering to the Goddess": {
		"Abridged": "offering",
		"ID": "40"
	},
	"offering": "Offering to the Goddess",
	"Onslaught": {
		"ID": "504"
	},
	"Orb of Alchemy": {
		"Abridged": "alchemy",
		"ID": "3"
	},
	"alchemy": "Orb of Alchemy",
	"Orb of Alteration": {
		"Abridged": "alteration",
		"ID": "1"
	},
	"alteration": "Orb of Alteration",
	"Orb of Annulment": {
		"ID": "513"
	},
	"Orb of Augmentation": {
		"Abridged": "augmentation",
		"ID": "23"
	},
	"augmentation": "Orb of Augmentation",
	"Orb of Binding": {
		"ID": "514"
	},
	"Orb of Chance": {
		"Abridged": "chance",
		"ID": "9"
	},
	"chance": "Orb of Chance",
	"Orb of Fusing": {
		"Abridged": "fusing",
		"ID": "2"
	},
	"fusing": "Orb of Fusing",
	"Orb of Horizons": {
		"ID": "515"
	},
	"Orb of Regret": {
		"Abridged": "regret",
		"ID": "13"
	},
	"regret": "Orb of Regret",
	"Orb of Scouring": {
		"Abridged": "scouring",
		"ID": "11"
	},
	"scouring": "Orb of Scouring",
	"Orb of Transmutation": {
		"Abridged": "transmutation",
		"ID": "22"
	},
	"transmutation": "Orb of Transmutation",
	"Orchard": {
		"ID": "376"
	},
	"Overgrown Ruin": {
		"ID": "377"
	},
	"Overgrown Shrine": {
		"ID": "378"
	},
	"Palace": {
		"ID": "379"
	},
	"Pale Court set": {
		"ID": "50"
	},
	"Park": {
		"ID": "555"
	},
	"Pen": {
		"ID": "556"
	},
	"Peninsula": {
		"ID": "380"
	},
	"Perandus": {
		"ID": "505"
	},
	"Perandus Coin": {
		"Abridged": "coin",
		"ID": "26"
	},
	"coin": "Perandus Coin",
	"Perfection": {
		"ID": "655"
	},
	"Phantasmagoria": {
		"ID": "381"
	},
	"Pier": {
		"ID": "382"
	},
	"Pit": {
		"ID": "383"
	},
	"Pit of the Chimera": {
		"ID": "384"
	},
	"Plateau": {
		"ID": "385"
	},
	"Plaza": {
		"ID": "386"
	},
	"Port": {
		"ID": "391"
	},
	"Portal Scroll": {
		"Abridged": "portal",
		"ID": "18"
	},
	"portal": "Portal Scroll",
	"Precinct": {
		"ID": "387"
	},
	"Pride Before the Fall": {
		"ID": "180"
	},
	"Primordial Pool": {
		"ID": "388"
	},
	"Promenade": {
		"ID": "389"
	},
	"Prophecy": {
		"ID": "506"
	},
	"Prosperity": {
		"ID": "181"
	},
	"Quarry": {
		"ID": "390"
	},
	"Racecourse": {
		"ID": "392"
	},
	"Rain of Chaos": {
		"ID": "183"
	},
	"Rain Tempter": {
		"ID": "182"
	},
	"Rampage": {
		"ID": "507"
	},
	"Ramparts": {
		"ID": "393"
	},
	"Rats": {
		"ID": "184"
	},
	"Reef": {
		"ID": "394"
	},
	"Regal Orb": {
		"Abridged": "regal",
		"ID": "14"
	},
	"regal": "Regal Orb",
	"Reinforced Iron Net": {
		"ID": "636"
	},
	"Reinforced Rope Net": {
		"ID": "633"
	},
	"Reinforced Steel Net": {
		"ID": "639"
	},
	"Relic Chambers": {
		"ID": "557"
	},
	"Remnant of Corruption": {
		"ID": "131"
	},
	"Residence": {
		"ID": "395"
	},
	"Sacrifice at Dawn": {
		"Abridged": "dawn",
		"ID": "29"
	},
	"dawn": "Sacrifice at Dawn",
	"Sacrifice at Dusk": {
		"Abridged": "dusk",
		"ID": "27"
	},
	"dusk": "Sacrifice at Dusk",
	"Sacrifice at Midnight": {
		"Abridged": "midnight",
		"ID": "28"
	},
	"midnight": "Sacrifice at Midnight",
	"Sacrifice at Noon": {
		"Abridged": "noon",
		"ID": "30"
	},
	"noon": "Sacrifice at Noon",
	"Sacrifice set": {
		"ID": "48"
	},
	"Scholar of the Seas": {
		"ID": "185"
	},
	"Screaming Essence of Anger": {
		"ID": "67"
	},
	"Screaming Essence of Anguish": {
		"ID": "70"
	},
	"Screaming Essence of Contempt": {
		"ID": "73"
	},
	"Screaming Essence of Doubt": {
		"ID": "77"
	},
	"Screaming Essence of Dread": {
		"ID": "80"
	},
	"Screaming Essence of Envy": {
		"ID": "83"
	},
	"Screaming Essence of Fear": {
		"ID": "86"
	},
	"Screaming Essence of Greed": {
		"ID": "89"
	},
	"Screaming Essence of Hatred": {
		"ID": "92"
	},
	"Screaming Essence of Loathing": {
		"ID": "98"
	},
	"Screaming Essence of Misery": {
		"ID": "101"
	},
	"Screaming Essence of Rage": {
		"ID": "104"
	},
	"Screaming Essence of Scorn": {
		"ID": "107"
	},
	"Screaming Essence of Sorrow": {
		"ID": "110"
	},
	"Screaming Essence of Spite": {
		"ID": "113"
	},
	"Screaming Essence of Suffering": {
		"ID": "116"
	},
	"Screaming Essence of Torment": {
		"ID": "119"
	},
	"Screaming Essence of Woe": {
		"ID": "122"
	},
	"Screaming Essence of Wrath": {
		"ID": "125"
	},
	"Screaming Essence of Zeal": {
		"ID": "128"
	},
	"Scriptorium": {
		"ID": "396"
	},
	"Scroll of Wisdom": {
		"Abridged": "wisdom",
		"ID": "17"
	},
	"wisdom": "Scroll of Wisdom",
	"Sepulchre": {
		"ID": "558"
	},
	"Sewer": {
		"ID": "397"
	},
	"Shaped Academy": {
		"ID": "398"
	},
	"Shaped Acid Lakes": {
		"ID": "399"
	},
	"Shaped Alleyways": {
		"ID": "577"
	},
	"Shaped Ancient City": {
		"ID": "595"
	},
	"Shaped Arachnid Nest": {
		"ID": "400"
	},
	"Shaped Arachnid Tomb": {
		"ID": "401"
	},
	"Shaped Arcade": {
		"ID": "402"
	},
	"Shaped Arena": {
		"ID": "403"
	},
	"Shaped Arid Lake": {
		"ID": "404"
	},
	"Shaped Armoury": {
		"ID": "405"
	},
	"Shaped Arsenal": {
		"ID": "406"
	},
	"Shaped Ashen Wood": {
		"ID": "407"
	},
	"Shaped Atoll": {
		"ID": "408"
	},
	"Shaped Barrows": {
		"ID": "409"
	},
	"Shaped Bazaar": {
		"ID": "572"
	},
	"Shaped Beach": {
		"ID": "410"
	},
	"Shaped Belfry": {
		"ID": "616"
	},
	"Shaped Bog": {
		"ID": "411"
	},
	"Shaped Bone Crypt": {
		"ID": "603"
	},
	"Shaped Burial Chambers": {
		"ID": "412"
	},
	"Shaped Cage": {
		"ID": "581"
	},
	"Shaped Canyon": {
		"ID": "413"
	},
	"Shaped Castle Ruins": {
		"ID": "414"
	},
	"Shaped Catacombs": {
		"ID": "415"
	},
	"Shaped Cavern": {
		"ID": "416"
	},
	"Shaped Cells": {
		"ID": "417"
	},
	"Shaped Cemetery": {
		"ID": "418"
	},
	"Shaped Channel": {
		"ID": "419"
	},
	"Shaped Chateau": {
		"ID": "588"
	},
	"Shaped City Square": {
		"ID": "585"
	},
	"Shaped Colonnade": {
		"ID": "420"
	},
	"Shaped Conservatory": {
		"ID": "592"
	},
	"Shaped Coral Ruins": {
		"ID": "600"
	},
	"Shaped Courthouse": {
		"ID": "587"
	},
	"Shaped Courtyard": {
		"ID": "421"
	},
	"Shaped Coves": {
		"ID": "422"
	},
	"Shaped Crypt": {
		"ID": "423"
	},
	"Shaped Crystal Ore": {
		"ID": "424"
	},
	"Shaped Cursed Crypt": {
		"ID": "619"
	},
	"Shaped Desert": {
		"ID": "425"
	},
	"Shaped Dunes": {
		"ID": "426"
	},
	"Shaped Dungeon": {
		"ID": "427"
	},
	"Shaped Estuary": {
		"ID": "612"
	},
	"Shaped Excavation": {
		"ID": "583"
	},
	"Shaped Factory": {
		"ID": "428"
	},
	"Shaped Fields": {
		"ID": "597"
	},
	"Shaped Flooded Mine": {
		"ID": "579"
	},
	"Shaped Gardens": {
		"ID": "604"
	},
	"Shaped Geode": {
		"ID": "607"
	},
	"Shaped Ghetto": {
		"ID": "429"
	},
	"Shaped Gorge": {
		"ID": "589"
	},
	"Shaped Graveyard": {
		"ID": "430"
	},
	"Shaped Grotto": {
		"ID": "431"
	},
	"Shaped Haunted Mansion": {
		"ID": "573"
	},
	"Shaped Iceberg": {
		"ID": "580"
	},
	"Shaped Infested Valley": {
		"ID": "574"
	},
	"Shaped Ivory Temple": {
		"ID": "596"
	},
	"Shaped Jungle Valley": {
		"ID": "432"
	},
	"Shaped Laboratory": {
		"ID": "605"
	},
	"Shaped Lava Chamber": {
		"ID": "601"
	},
	"Shaped Leyline": {
		"ID": "584"
	},
	"Shaped Lighthouse": {
		"ID": "591"
	},
	"Shaped Lookout": {
		"ID": "576"
	},
	"Shaped Malformation": {
		"ID": "433"
	},
	"Shaped Marshes": {
		"ID": "434"
	},
	"Shaped Mausoleum": {
		"ID": "575"
	},
	"Shaped Mesa": {
		"ID": "435"
	},
	"Shaped Mineral Pools": {
		"ID": "608"
	},
	"Shaped Moon Temple": {
		"ID": "609"
	},
	"Shaped Mud Geyser": {
		"ID": "436"
	},
	"Shaped Museum": {
		"ID": "437"
	},
	"Shaped Oasis": {
		"ID": "438"
	},
	"Shaped Orchard": {
		"ID": "439"
	},
	"Shaped Overgrown Ruin": {
		"ID": "606"
	},
	"Shaped Overgrown Shrine": {
		"ID": "440"
	},
	"Shaped Pen": {
		"ID": "578"
	},
	"Shaped Peninsula": {
		"ID": "441"
	},
	"Shaped Phantasmagoria": {
		"ID": "442"
	},
	"Shaped Pier": {
		"ID": "443"
	},
	"Shaped Pit": {
		"ID": "444"
	},
	"Shaped Plateau": {
		"ID": "611"
	},
	"Shaped Port": {
		"ID": "448"
	},
	"Shaped Precinct": {
		"ID": "618"
	},
	"Shaped Primordial Pool": {
		"ID": "445"
	},
	"Shaped Promenade": {
		"ID": "446"
	},
	"Shaped Quarry": {
		"ID": "447"
	},
	"Shaped Racecourse": {
		"ID": "449"
	},
	"Shaped Ramparts": {
		"ID": "450"
	},
	"Shaped Reef": {
		"ID": "451"
	},
	"Shaped Relic Chambers": {
		"ID": "586"
	},
	"Shaped Residence": {
		"ID": "602"
	},
	"Shaped Scriptorium": {
		"ID": "613"
	},
	"Shaped Sepulchre": {
		"ID": "610"
	},
	"Shaped Shipyard": {
		"ID": "615"
	},
	"Shaped Shore": {
		"ID": "453"
	},
	"Shaped Siege": {
		"ID": "614"
	},
	"Shaped Spider Forest": {
		"ID": "454"
	},
	"Shaped Spider Lair": {
		"ID": "455"
	},
	"Shaped Springs": {
		"ID": "582"
	},
	"Shaped Strand": {
		"ID": "456"
	},
	"Shaped Sulphur Vents": {
		"ID": "593"
	},
	"Shaped Temple": {
		"ID": "457"
	},
	"Shaped Terrace": {
		"ID": "458"
	},
	"Shaped Thicket": {
		"ID": "459"
	},
	"Shaped Tower": {
		"ID": "460"
	},
	"Shaped Toxic Sewer": {
		"ID": "452"
	},
	"Shaped Tribunal": {
		"ID": "599"
	},
	"Shaped Tropical Island": {
		"ID": "461"
	},
	"Shaped Underground River": {
		"ID": "462"
	},
	"Shaped Underground Sea": {
		"ID": "598"
	},
	"Shaped Vaal City": {
		"ID": "463"
	},
	"Shaped Vaal Pyramid": {
		"ID": "464"
	},
	"Shaped Vault": {
		"ID": "571"
	},
	"Shaped Villa": {
		"ID": "465"
	},
	"Shaped Volcano": {
		"ID": "590"
	},
	"Shaped Waste Pool": {
		"ID": "466"
	},
	"Shaped Wasteland": {
		"ID": "617"
	},
	"Shaped Wharf": {
		"ID": "467"
	},
	"Shaper set": {
		"ID": "51"
	},
	"Shard of Fate": {
		"ID": "186"
	},
	"Shipyard": {
		"ID": "468"
	},
	"Shore": {
		"ID": "469"
	},
	"Shrieking Essence of Anger": {
		"ID": "68"
	},
	"Shrieking Essence of Anguish": {
		"ID": "71"
	},
	"Shrieking Essence of Contempt": {
		"ID": "74"
	},
	"Shrieking Essence of Doubt": {
		"ID": "78"
	},
	"Shrieking Essence of Dread": {
		"ID": "81"
	},
	"Shrieking Essence of Envy": {
		"ID": "84"
	},
	"Shrieking Essence of Fear": {
		"ID": "87"
	},
	"Shrieking Essence of Greed": {
		"ID": "90"
	},
	"Shrieking Essence of Hatred": {
		"ID": "93"
	},
	"Shrieking Essence of Loathing": {
		"ID": "99"
	},
	"Shrieking Essence of Misery": {
		"ID": "102"
	},
	"Shrieking Essence of Rage": {
		"ID": "105"
	},
	"Shrieking Essence of Scorn": {
		"ID": "108"
	},
	"Shrieking Essence of Sorrow": {
		"ID": "111"
	},
	"Shrieking Essence of Spite": {
		"ID": "114"
	},
	"Shrieking Essence of Suffering": {
		"ID": "117"
	},
	"Shrieking Essence of Torment": {
		"ID": "120"
	},
	"Shrieking Essence of Woe": {
		"ID": "123"
	},
	"Shrieking Essence of Wrath": {
		"ID": "126"
	},
	"Shrieking Essence of Zeal": {
		"ID": "129"
	},
	"Shrine": {
		"ID": "470"
	},
	"Siege": {
		"ID": "559"
	},
	"Silver Coin": {
		"Abridged": "silver",
		"ID": "35"
	},
	"silver": "Silver Coin",
	"Simple Iron Net": {
		"ID": "635"
	},
	"Simple Rope Net": {
		"ID": "632"
	},
	"Simple Steel Net": {
		"ID": "638"
	},
	"Spider Forest": {
		"ID": "471"
	},
	"Spider Lair": {
		"ID": "472"
	},
	"Splinter of Chayula": {
		"ID": "56"
	},
	"Splinter of Esh": {
		"ID": "54"
	},
	"Splinter of Tul": {
		"ID": "53"
	},
	"Splinter of Uul-Netol": {
		"ID": "55"
	},
	"Splinter of Xoph": {
		"ID": "52"
	},
	"Springs": {
		"ID": "473"
	},
	"Strand": {
		"ID": "474"
	},
	"Strong Iron Net": {
		"ID": "637"
	},
	"Strong Rope Net": {
		"ID": "634"
	},
	"Strong Steel Net": {
		"ID": "640"
	},
	"Struck by Lightning": {
		"ID": "187"
	},
	"Sulphur Vents": {
		"ID": "560"
	},
	"Sulphur Wastes": {
		"ID": "475"
	},
	"Summit": {
		"ID": "561"
	},
	"Sunken City": {
		"ID": "562"
	},
	"Talisman": {
		"ID": "508"
	},
	"Tempest": {
		"ID": "509"
	},
	"Temple": {
		"ID": "476"
	},
	"Terrace": {
		"ID": "477"
	},
	"Thaumaturgical Net": {
		"ID": "641"
	},
	"The Admirer": {
		"ID": "656"
	},
	"The Aesthete": {
		"ID": "188"
	},
	"The Arena Champion": {
		"ID": "189"
	},
	"The Army of Blood": {
		"ID": "657"
	},
	"The Artist": {
		"ID": "190"
	},
	"The Avenger": {
		"ID": "191"
	},
	"The Battle Born": {
		"ID": "192"
	},
	"The Beast": {
		"ID": "658"
	},
	"The Betrayal": {
		"ID": "193"
	},
	"The Blazing Fire": {
		"ID": "569"
	},
	"The Body": {
		"ID": "194"
	},
	"The Breach": {
		"ID": "624"
	},
	"The Brittle Emperor": {
		"ID": "195"
	},
	"The Calling": {
		"ID": "196"
	},
	"The Carrion Crow": {
		"ID": "197"
	},
	"The Cartographer": {
		"ID": "198"
	},
	"The Cataclysm": {
		"ID": "199"
	},
	"The Catalyst": {
		"ID": "200"
	},
	"The Celestial Justicar": {
		"ID": "201"
	},
	"The Celestial Stone": {
		"ID": "659"
	},
	"The Chains that Bind": {
		"ID": "202"
	},
	"The Coming Storm": {
		"ID": "203"
	},
	"The Conduit": {
		"ID": "204"
	},
	"The Cursed King": {
		"ID": "205"
	},
	"The Dapper Prodigy": {
		"ID": "206"
	},
	"The Dark Mage": {
		"ID": "207"
	},
	"The Darkest Dream": {
		"ID": "660"
	},
	"The Deceiver": {
		"ID": "627"
	},
	"The Demoness": {
		"ID": "208"
	},
	"The Devastator": {
		"ID": "209"
	},
	"The Doctor": {
		"ID": "210"
	},
	"The Doppelganger": {
		"ID": "211"
	},
	"The Dragon": {
		"ID": "212"
	},
	"The Dragon's Heart": {
		"ID": "213"
	},
	"The Dreamer": {
		"ID": "625"
	},
	"The Dreamland": {
		"ID": "661"
	},
	"The Drunken Aristocrat": {
		"ID": "214"
	},
	"The Encroaching Darkness": {
		"ID": "215"
	},
	"The Endurance": {
		"ID": "216"
	},
	"The Enlightened": {
		"ID": "217"
	},
	"The Ethereal": {
		"ID": "218"
	},
	"The Explorer": {
		"ID": "219"
	},
	"The Eye of the Dragon": {
		"ID": "568"
	},
	"The Fathomless Depths": {
		"ID": "662"
	},
	"The Feast": {
		"ID": "220"
	},
	"The Fiend": {
		"ID": "221"
	},
	"The Fletcher": {
		"ID": "222"
	},
	"The Flora's Gift": {
		"ID": "223"
	},
	"The Formless Sea": {
		"ID": "224"
	},
	"The Forsaken": {
		"ID": "225"
	},
	"The Fox": {
		"ID": "226"
	},
	"The Gambler": {
		"ID": "227"
	},
	"The Garish Power": {
		"ID": "228"
	},
	"The Gemcutter": {
		"ID": "229"
	},
	"The Gentleman": {
		"ID": "230"
	},
	"The Gladiator": {
		"ID": "231"
	},
	"The Hale Heart": {
		"ID": "663"
	},
	"The Harvester": {
		"ID": "232"
	},
	"The Hermit": {
		"ID": "233"
	},
	"The Hoarder": {
		"ID": "234"
	},
	"The Hunger": {
		"ID": "235"
	},
	"The Immortal": {
		"ID": "236"
	},
	"The Incantation": {
		"ID": "237"
	},
	"The Inoculated": {
		"ID": "238"
	},
	"The Insatiable": {
		"ID": "620"
	},
	"The Inventor": {
		"ID": "239"
	},
	"The Iron Bard": {
		"ID": "622"
	},
	"The Jester": {
		"ID": "240"
	},
	"The Jeweller's Boon": {
		"ID": "664"
	},
	"The King's Blade": {
		"ID": "241"
	},
	"The King's Heart": {
		"ID": "242"
	},
	"The Last One Standing": {
		"ID": "243"
	},
	"The Lich": {
		"ID": "244"
	},
	"The Lion": {
		"ID": "245"
	},
	"The Lord in Black": {
		"ID": "246"
	},
	"The Lover": {
		"ID": "247"
	},
	"The Lunaris Priestess": {
		"ID": "248"
	},
	"The Master": {
		"ID": "665"
	},
	"The Mayor": {
		"ID": "666"
	},
	"The Mercenary": {
		"ID": "249"
	},
	"The Metalsmith's Gift": {
		"ID": "250"
	},
	"The Oath": {
		"ID": "251"
	},
	"The Obscured": {
		"ID": "621"
	},
	"The Offering": {
		"ID": "252"
	},
	"The One With All": {
		"ID": "253"
	},
	"The Opulent": {
		"ID": "254"
	},
	"The Pack Leader": {
		"ID": "255"
	},
	"The Pact": {
		"ID": "256"
	},
	"The Penitent": {
		"ID": "257"
	},
	"The Poet": {
		"ID": "258"
	},
	"The Polymath": {
		"ID": "259"
	},
	"The Porcupine": {
		"ID": "260"
	},
	"The Professor": {
		"ID": "667"
	},
	"The Puzzle": {
		"ID": "629"
	},
	"The Queen": {
		"ID": "261"
	},
	"The Rabid Rhoa": {
		"ID": "262"
	},
	"The Realm": {
		"ID": "567"
	},
	"The Risk": {
		"ID": "263"
	},
	"The Rite of Elements": {
		"ID": "668"
	},
	"The Road to Power": {
		"ID": "264"
	},
	"The Ruthless Ceinture": {
		"ID": "565"
	},
	"The Saint's Treasure": {
		"ID": "265"
	},
	"The Samurai's Eye": {
		"ID": "669"
	},
	"The Scarred Meadow": {
		"ID": "266"
	},
	"The Scavenger": {
		"ID": "267"
	},
	"The Scholar": {
		"ID": "268"
	},
	"The Sephirot": {
		"ID": "269"
	},
	"The Sigil": {
		"ID": "270"
	},
	"The Siren": {
		"ID": "271"
	},
	"The Soul": {
		"ID": "272"
	},
	"The Spark and the Flame": {
		"ID": "273"
	},
	"The Spoiled Prince": {
		"ID": "274"
	},
	"The Standoff": {
		"ID": "275"
	},
	"The Stormcaller": {
		"ID": "276"
	},
	"The Summoner": {
		"ID": "277"
	},
	"The Sun": {
		"ID": "278"
	},
	"The Surgeon": {
		"ID": "279"
	},
	"The Surveyor": {
		"ID": "280"
	},
	"The Survivalist": {
		"ID": "281"
	},
	"The Sword King's Salute": {
		"ID": "670"
	},
	"The Thaumaturgist": {
		"ID": "282"
	},
	"The Throne": {
		"ID": "283"
	},
	"The Tower": {
		"ID": "284"
	},
	"The Traitor": {
		"ID": "285"
	},
	"The Trial": {
		"ID": "286"
	},
	"The Twins": {
		"ID": "287"
	},
	"The Tyrant": {
		"ID": "288"
	},
	"The Undaunted": {
		"ID": "671"
	},
	"The Undisputed": {
		"ID": "672"
	},
	"The Union": {
		"ID": "289"
	},
	"The Valkyrie": {
		"ID": "290"
	},
	"The Valley of Steel Boxes": {
		"ID": "291"
	},
	"The Vast": {
		"ID": "292"
	},
	"The Visionary": {
		"ID": "293"
	},
	"The Void": {
		"ID": "294"
	},
	"The Warden": {
		"ID": "295"
	},
	"The Warlord": {
		"ID": "296"
	},
	"The Watcher": {
		"ID": "297"
	},
	"The Web": {
		"ID": "298"
	},
	"The Wind": {
		"ID": "299"
	},
	"The Witch": {
		"ID": "673"
	},
	"The Wolf": {
		"ID": "300"
	},
	"The Wolf's Shadow": {
		"ID": "301"
	},
	"The Wolven King's Bite": {
		"ID": "302"
	},
	"The Wolverine": {
		"ID": "303"
	},
	"The World Eater": {
		"ID": "626"
	},
	"The Wrath": {
		"ID": "304"
	},
	"The Wretched": {
		"ID": "305"
	},
	"Thicket": {
		"ID": "478"
	},
	"Three Faces in the Dark": {
		"ID": "306"
	},
	"Three Voices": {
		"ID": "674"
	},
	"Thunderous Skies": {
		"ID": "307"
	},
	"Time-Lost Relic": {
		"ID": "308"
	},
	"Torment": {
		"ID": "510"
	},
	"Torture Chamber": {
		"ID": "479"
	},
	"Tower": {
		"ID": "480"
	},
	"Toxic Sewer": {
		"ID": "563"
	},
	"Tranquillity": {
		"ID": "309"
	},
	"Treasure Hunter": {
		"ID": "310"
	},
	"Tribunal": {
		"ID": "564"
	},
	"Tropical Island": {
		"ID": "481"
	},
	"Tul's Breachstone": {
		"ID": "63"
	},
	"Turn the Other Cheek": {
		"ID": "311"
	},
	"Underground River": {
		"ID": "482"
	},
	"Underground Sea": {
		"ID": "483"
	},
	"Uul-Netol's Breachstone": {
		"ID": "65"
	},
	"Vaal City": {
		"ID": "484"
	},
	"Vaal Orb": {
		"Abridged": "vaal",
		"ID": "16"
	},
	"vaal": "Vaal Orb",
	"Vaal Pyramid": {
		"ID": "485"
	},
	"Vaal Temple": {
		"ID": "486"
	},
	"Vault": {
		"ID": "487"
	},
	"Vial of Awakening": {
		"ID": "646"
	},
	"Vial of Consequence": {
		"ID": "649"
	},
	"Vial of Dominance": {
		"ID": "644"
	},
	"Vial of Fate": {
		"ID": "648"
	},
	"Vial of Sacrifice": {
		"ID": "652"
	},
	"Vial of Summoning": {
		"ID": "645"
	},
	"Vial of the Ghost": {
		"ID": "650"
	},
	"Vial of the Ritual": {
		"ID": "647"
	},
	"Vial of Transcendence": {
		"ID": "651"
	},
	"Villa": {
		"ID": "488"
	},
	"Vinia's Token": {
		"ID": "312"
	},
	"Volatile Power": {
		"ID": "313"
	},
	"Volcano": {
		"ID": "489"
	},
	"Volkuur's Key": {
		"Abridged": "volkuur's",
		"ID": "39"
	},
	"volkuur's": "Volkuur's Key",
	"Warbands": {
		"ID": "511"
	},
	"Waste Pool": {
		"ID": "490"
	},
	"Wasteland": {
		"ID": "491"
	},
	"Waterways": {
		"ID": "492"
	},
	"Wealth and Power": {
		"ID": "314"
	},
	"Wharf": {
		"ID": "493"
	},
	"Xoph's Breachstone": {
		"ID": "62"
	},
	"Yriel's Key": {
		"Abridged": "yriel's",
		"ID": "37"
	},
	"yriel's": "Yriel's Key"
}